{"cameraMode":{"drawMode":0,"name":"Shaded","section":"Shading Mode"},"sceneLighting":true,"audioPlay":false,"sceneViewState":{"showFog":true,"showMaterialUpdate":false,"showSkybox":false,"showFlares":true,"showImageEffects":true,"showParticleSystems":true},"in2DMode":false,"pivot":{"x":383.5,"y":342.04998779296877,"z":64.77767181396485},"rotation":{"x":0.4992492198944092,"y":-0.4923490583896637,"z":0.4352216124534607,"w":0.5647567510604858},"size":520.1113891601563,"orthographic":false}